{"cameraMode":{"drawMode":0,"name":"Shaded","section":"Shading Mode"},"sceneLighting":false,"audioPlay":false,"sceneViewState":{"showFog":true,"showMaterialUpdate":false,"showSkybox":true,"showFlares":true,"showImageEffects":true,"showParticleSystems":true},"in2DMode":false,"pivot":{"x":0.7070000171661377,"y":0.0,"z":3.5350000858306886},"rotation":{"x":-0.010193467140197754,"y":-0.9547680020332336,"z":0.032952647656202319,"w":-0.29534444212913515},"size":3.6895127296447756,"orthographic":false}