{"cameraMode":{"drawMode":0,"name":"Shaded","section":"Shading Mode"},"sceneLighting":false,"audioPlay":false,"sceneViewState":{"showFog":true,"showMaterialUpdate":false,"showSkybox":true,"showFlares":true,"showImageEffects":true,"showParticleSystems":true},"in2DMode":false,"pivot":{"x":0.007615029811859131,"y":0.2439843863248825,"z":-0.0024721622467041017},"rotation":{"x":-0.010193467140197754,"y":-0.9547680020332336,"z":0.032952647656202319,"w":-0.29534444212913515},"size":4.865201950073242,"orthographic":false}